{
    "version": "5.2.1",
    "flags": {},
    "shapes": [
        {
            "label": "standing",
            "points": [
                [
                    254.0,
                    189.0
                ],
                [
                    359.0,
                    340.0
                ]
            ],
            "group_id": null,
            "description": "",
            "shape_type": "rectangle",
            "flags": {}
        }
    ],
    "imagePath": "000002.png",
    "imageData": null,
    "imageHeight": 345,
    "imageWidth": 640
}