{
    "version": "5.2.1",
    "flags": {},
    "shapes": [
        {
            "label": "standing",
            "points": [
                [
                    319.0,
                    68.0
                ],
                [
                    364.0,
                    205.0
                ]
            ],
            "group_id": null,
            "description": "",
            "shape_type": "rectangle",
            "flags": {}
        },
        {
            "label": "standing",
            "points": [
                [
                    408.0,
                    0.0
                ],
                [
                    447.0,
                    70.0
                ]
            ],
            "group_id": null,
            "description": "",
            "shape_type": "rectangle",
            "flags": {}
        },
        {
            "label": "standing",
            "points": [
                [
                    43.0,
                    173.0
                ],
                [
                    125.0,
                    303.0
                ]
            ],
            "group_id": null,
            "description": "",
            "shape_type": "rectangle",
            "flags": {}
        }
    ],
    "imagePath": "000020.png",
    "imageData": null,
    "imageHeight": 345,
    "imageWidth": 640
}