{
    "version": "5.2.1",
    "flags": {},
    "shapes": [
        {
            "label": "lying",
            "points": [
                [
                    60.0,
                    175.0
                ],
                [
                    159.0,
                    265.0
                ]
            ],
            "group_id": null,
            "description": "",
            "shape_type": "rectangle",
            "flags": {}
        }
    ],
    "imagePath": "000175.png",
    "imageData": null,
    "imageHeight": 345,
    "imageWidth": 640
}