{
    "version": "5.2.1",
    "flags": {},
    "shapes": [
        {
            "label": "lying",
            "points": [
                [
                    199.0,
                    190.0
                ],
                [
                    277.0,
                    268.0
                ]
            ],
            "group_id": null,
            "description": "",
            "shape_type": "rectangle",
            "flags": {}
        }
    ],
    "imagePath": "000171.png",
    "imageData": null,
    "imageHeight": 345,
    "imageWidth": 640
}