{
    "version": "5.2.1",
    "flags": {},
    "shapes": [
        {
            "label": "standing",
            "points": [
                [
                    201.0,
                    137.0
                ],
                [
                    273.0,
                    224.0
                ]
            ],
            "group_id": null,
            "description": "",
            "shape_type": "rectangle",
            "flags": {}
        }
    ],
    "imagePath": "000145.png",
    "imageData": null,
    "imageHeight": 345,
    "imageWidth": 640
}