{
    "version": "5.2.1",
    "flags": {},
    "shapes": [
        {
            "label": "lying",
            "points": [
                [
                    79.0,
                    200.0
                ],
                [
                    158.0,
                    271.0
                ]
            ],
            "group_id": null,
            "description": "",
            "shape_type": "rectangle",
            "flags": {}
        },
        {
            "label": "sitting",
            "points": [
                [
                    62.0,
                    174.0
                ],
                [
                    128.0,
                    230.0
                ]
            ],
            "group_id": null,
            "description": "",
            "shape_type": "rectangle",
            "flags": {}
        }
    ],
    "imagePath": "000221.png",
    "imageData": null,
    "imageHeight": 345,
    "imageWidth": 640
}