{
    "version": "5.2.1",
    "flags": {},
    "shapes": [
        {
            "label": "standing",
            "points": [
                [
                    523.0,
                    128.0
                ],
                [
                    569.0,
                    224.0
                ]
            ],
            "group_id": null,
            "description": "",
            "shape_type": "rectangle",
            "flags": {}
        },
        {
            "label": "standing",
            "points": [
                [
                    204.0,
                    168.0
                ],
                [
                    268.0,
                    278.0
                ]
            ],
            "group_id": null,
            "description": "",
            "shape_type": "rectangle",
            "flags": {}
        },
        {
            "label": "standing",
            "points": [
                [
                    436.0,
                    190.0
                ],
                [
                    480.0,
                    327.0
                ]
            ],
            "group_id": null,
            "description": "",
            "shape_type": "rectangle",
            "flags": {}
        }
    ],
    "imagePath": "000204.png",
    "imageData": null,
    "imageHeight": 345,
    "imageWidth": 640
}