{
    "version": "5.2.1",
    "flags": {},
    "shapes": [
        {
            "label": "sitting",
            "points": [
                [
                    83.0,
                    206.0
                ],
                [
                    162.0,
                    274.0
                ]
            ],
            "group_id": null,
            "description": "",
            "shape_type": "rectangle",
            "flags": {}
        },
        {
            "label": "standing",
            "points": [
                [
                    630.0,
                    197.0
                ],
                [
                    639.0,
                    231.0
                ]
            ],
            "group_id": null,
            "description": "",
            "shape_type": "rectangle",
            "flags": {}
        }
    ],
    "imagePath": "000303.png",
    "imageData": null,
    "imageHeight": 345,
    "imageWidth": 640
}