{
    "version": "5.2.1",
    "flags": {},
    "shapes": [
        {
            "label": "standing",
            "points": [
                [
                    415.0,
                    146.0
                ],
                [
                    452.0,
                    212.0
                ]
            ],
            "group_id": null,
            "description": "",
            "shape_type": "rectangle",
            "flags": {}
        },
        {
            "label": "standing",
            "points": [
                [
                    170.0,
                    203.0
                ],
                [
                    232.0,
                    310.0
                ]
            ],
            "group_id": null,
            "description": "",
            "shape_type": "rectangle",
            "flags": {}
        },
        {
            "label": "throwing",
            "points": [
                [
                    388.0,
                    208.0
                ],
                [
                    449.0,
                    304.0
                ]
            ],
            "group_id": null,
            "description": "",
            "shape_type": "rectangle",
            "flags": {}
        },
        {
            "label": "standing",
            "points": [
                [
                    180.0,
                    97.0
                ],
                [
                    214.0,
                    158.0
                ]
            ],
            "group_id": null,
            "description": "",
            "shape_type": "rectangle",
            "flags": {}
        },
        {
            "label": "standing",
            "points": [
                [
                    328.0,
                    102.0
                ],
                [
                    362.0,
                    168.0
                ]
            ],
            "group_id": null,
            "description": "",
            "shape_type": "rectangle",
            "flags": {}
        }
    ],
    "imagePath": "000387.png",
    "imageData": null,
    "imageHeight": 345,
    "imageWidth": 640
}