{
    "version": "5.2.1",
    "flags": {},
    "shapes": [
        {
            "label": "throwing",
            "points": [
                [
                    257.0,
                    170.0
                ],
                [
                    305.0,
                    257.0
                ]
            ],
            "group_id": null,
            "description": "",
            "shape_type": "rectangle",
            "flags": {}
        },
        {
            "label": "standing",
            "points": [
                [
                    116.0,
                    105.0
                ],
                [
                    142.0,
                    166.0
                ]
            ],
            "group_id": null,
            "description": "",
            "shape_type": "rectangle",
            "flags": {}
        },
        {
            "label": "standing",
            "points": [
                [
                    447.0,
                    106.0
                ],
                [
                    474.0,
                    176.0
                ]
            ],
            "group_id": null,
            "description": "",
            "shape_type": "rectangle",
            "flags": {}
        },
        {
            "label": "standing",
            "points": [
                [
                    270.0,
                    65.0
                ],
                [
                    292.0,
                    116.0
                ]
            ],
            "group_id": null,
            "description": "",
            "shape_type": "rectangle",
            "flags": {}
        },
        {
            "label": "sitting",
            "points": [
                [
                    497.0,
                    88.0
                ],
                [
                    519.0,
                    123.0
                ]
            ],
            "group_id": null,
            "description": "",
            "shape_type": "rectangle",
            "flags": {}
        }
    ],
    "imagePath": "000581.png",
    "imageData": null,
    "imageHeight": 345,
    "imageWidth": 640
}