{
    "version": "5.2.1",
    "flags": {},
    "shapes": [
        {
            "label": "lying",
            "points": [
                [
                    90.0,
                    211.0
                ],
                [
                    163.0,
                    281.0
                ]
            ],
            "group_id": null,
            "description": "",
            "shape_type": "rectangle",
            "flags": {}
        }
    ],
    "imagePath": "000537.png",
    "imageData": null,
    "imageHeight": 345,
    "imageWidth": 640
}