{
    "version": "5.2.1",
    "flags": {},
    "shapes": [
        {
            "label": "standing",
            "points": [
                [
                    467.0,
                    231.0
                ],
                [
                    497.0,
                    260.0
                ]
            ],
            "group_id": null,
            "description": "",
            "shape_type": "rectangle",
            "flags": {}
        },
        {
            "label": "standing",
            "points": [
                [
                    457.0,
                    90.0
                ],
                [
                    489.0,
                    121.0
                ]
            ],
            "group_id": null,
            "description": "",
            "shape_type": "rectangle",
            "flags": {}
        },
        {
            "label": "standing",
            "points": [
                [
                    250.0,
                    158.0
                ],
                [
                    274.0,
                    178.0
                ]
            ],
            "group_id": null,
            "description": "",
            "shape_type": "rectangle",
            "flags": {}
        }
    ],
    "imagePath": "000586.png",
    "imageData": null,
    "imageHeight": 345,
    "imageWidth": 640
}