{
    "version": "5.2.1",
    "flags": {},
    "shapes": [
        {
            "label": "standing",
            "points": [
                [
                    407.0,
                    202.0
                ],
                [
                    453.0,
                    300.0
                ]
            ],
            "group_id": null,
            "description": "",
            "shape_type": "rectangle",
            "flags": {}
        },
        {
            "label": "throwing",
            "points": [
                [
                    40.0,
                    200.0
                ],
                [
                    119.0,
                    297.0
                ]
            ],
            "group_id": null,
            "description": "",
            "shape_type": "rectangle",
            "flags": {}
        },
        {
            "label": "standing",
            "points": [
                [
                    309.0,
                    92.0
                ],
                [
                    334.0,
                    153.0
                ]
            ],
            "group_id": null,
            "description": "",
            "shape_type": "rectangle",
            "flags": {}
        },
        {
            "label": "standing",
            "points": [
                [
                    424.0,
                    140.0
                ],
                [
                    454.0,
                    208.0
                ]
            ],
            "group_id": null,
            "description": "",
            "shape_type": "rectangle",
            "flags": {}
        }
    ],
    "imagePath": "000510.png",
    "imageData": null,
    "imageHeight": 345,
    "imageWidth": 640
}