{
    "version": "5.2.1",
    "flags": {},
    "shapes": [
        {
            "label": "lying",
            "points": [
                [
                    82.0,
                    204.0
                ],
                [
                    162.0,
                    268.0
                ]
            ],
            "group_id": null,
            "description": "",
            "shape_type": "rectangle",
            "flags": {}
        },
        {
            "label": "standing",
            "points": [
                [
                    630.0,
                    190.0
                ],
                [
                    639.0,
                    222.0
                ]
            ],
            "group_id": null,
            "description": "",
            "shape_type": "rectangle",
            "flags": {}
        }
    ],
    "imagePath": "000566.png",
    "imageData": null,
    "imageHeight": 345,
    "imageWidth": 640
}