{
    "version": "5.2.1",
    "flags": {},
    "shapes": [
        {
            "label": "standing",
            "points": [
                [
                    422.0,
                    229.0
                ],
                [
                    447.0,
                    251.0
                ]
            ],
            "group_id": null,
            "description": "",
            "shape_type": "rectangle",
            "flags": {}
        },
        {
            "label": "standing",
            "points": [
                [
                    407.0,
                    91.0
                ],
                [
                    439.0,
                    124.0
                ]
            ],
            "group_id": null,
            "description": "",
            "shape_type": "rectangle",
            "flags": {}
        },
        {
            "label": "standing",
            "points": [
                [
                    248.0,
                    269.0
                ],
                [
                    280.0,
                    289.0
                ]
            ],
            "group_id": null,
            "description": "",
            "shape_type": "rectangle",
            "flags": {}
        },
        {
            "label": "throwing",
            "points": [
                [
                    246.0,
                    174.0
                ],
                [
                    265.0,
                    194.0
                ]
            ],
            "group_id": null,
            "description": "",
            "shape_type": "rectangle",
            "flags": {}
        }
    ],
    "imagePath": "000513.png",
    "imageData": null,
    "imageHeight": 345,
    "imageWidth": 640
}