{
    "version": "5.2.1",
    "flags": {},
    "shapes": [
        {
            "label": "standing",
            "points": [
                [
                    422.0,
                    139.0
                ],
                [
                    452.0,
                    209.0
                ]
            ],
            "group_id": null,
            "description": "",
            "shape_type": "rectangle",
            "flags": {}
        },
        {
            "label": "standing",
            "points": [
                [
                    411.0,
                    200.0
                ],
                [
                    457.0,
                    297.0
                ]
            ],
            "group_id": null,
            "description": "",
            "shape_type": "rectangle",
            "flags": {}
        },
        {
            "label": "standing",
            "points": [
                [
                    304.0,
                    98.0
                ],
                [
                    331.0,
                    164.0
                ]
            ],
            "group_id": null,
            "description": "",
            "shape_type": "rectangle",
            "flags": {}
        },
        {
            "label": "throwing",
            "points": [
                [
                    71.0,
                    187.0
                ],
                [
                    140.0,
                    292.0
                ]
            ],
            "group_id": null,
            "description": "",
            "shape_type": "rectangle",
            "flags": {}
        }
    ],
    "imagePath": "000574.png",
    "imageData": null,
    "imageHeight": 345,
    "imageWidth": 640
}