{
    "version": "5.2.1",
    "flags": {},
    "shapes": [
        {
            "label": "standing",
            "points": [
                [
                    164.0,
                    49.0
                ],
                [
                    199.0,
                    119.0
                ]
            ],
            "group_id": null,
            "description": "",
            "shape_type": "rectangle",
            "flags": {}
        },
        {
            "label": "standing",
            "points": [
                [
                    54.0,
                    199.0
                ],
                [
                    134.0,
                    325.0
                ]
            ],
            "group_id": null,
            "description": "",
            "shape_type": "rectangle",
            "flags": {}
        },
        {
            "label": "throwing",
            "points": [
                [
                    322.0,
                    0.0
                ],
                [
                    343.0,
                    16.0
                ]
            ],
            "group_id": null,
            "description": "",
            "shape_type": "rectangle",
            "flags": {}
        }
    ],
    "imagePath": "000621.png",
    "imageData": null,
    "imageHeight": 345,
    "imageWidth": 640
}