{
    "version": "5.2.1",
    "flags": {},
    "shapes": [
        {
            "label": "lying",
            "points": [
                [
                    75.0,
                    196.0
                ],
                [
                    158.0,
                    261.0
                ]
            ],
            "group_id": null,
            "description": "",
            "shape_type": "rectangle",
            "flags": {}
        }
    ],
    "imagePath": "000711.png",
    "imageData": null,
    "imageHeight": 345,
    "imageWidth": 640
}