{
    "version": "5.2.1",
    "flags": {},
    "shapes": [
        {
            "label": "throwing",
            "points": [
                [
                    374.0,
                    211.0
                ],
                [
                    449.0,
                    289.0
                ]
            ],
            "group_id": null,
            "description": "",
            "shape_type": "rectangle",
            "flags": {}
        },
        {
            "label": "standing",
            "points": [
                [
                    310.0,
                    97.0
                ],
                [
                    331.0,
                    163.0
                ]
            ],
            "group_id": null,
            "description": "",
            "shape_type": "rectangle",
            "flags": {}
        },
        {
            "label": "standing",
            "points": [
                [
                    68.0,
                    198.0
                ],
                [
                    144.0,
                    294.0
                ]
            ],
            "group_id": null,
            "description": "",
            "shape_type": "rectangle",
            "flags": {}
        },
        {
            "label": "standing",
            "points": [
                [
                    406.0,
                    144.0
                ],
                [
                    431.0,
                    214.0
                ]
            ],
            "group_id": null,
            "description": "",
            "shape_type": "rectangle",
            "flags": {}
        },
        {
            "label": "standing",
            "points": [
                [
                    0.0,
                    114.0
                ],
                [
                    22.0,
                    193.0
                ]
            ],
            "group_id": null,
            "description": "",
            "shape_type": "rectangle",
            "flags": {}
        }
    ],
    "imagePath": "000741.png",
    "imageData": null,
    "imageHeight": 345,
    "imageWidth": 640
}