{
    "version": "5.2.1",
    "flags": {},
    "shapes": [
        {
            "label": "standing",
            "points": [
                [
                    415.0,
                    95.0
                ],
                [
                    467.0,
                    185.0
                ]
            ],
            "group_id": null,
            "description": "",
            "shape_type": "rectangle",
            "flags": {}
        },
        {
            "label": "standing",
            "points": [
                [
                    266.0,
                    93.0
                ],
                [
                    316.0,
                    194.0
                ]
            ],
            "group_id": null,
            "description": "",
            "shape_type": "rectangle",
            "flags": {}
        },
        {
            "label": "standing",
            "points": [
                [
                    192.0,
                    74.0
                ],
                [
                    229.0,
                    169.0
                ]
            ],
            "group_id": null,
            "description": "",
            "shape_type": "rectangle",
            "flags": {}
        }
    ],
    "imagePath": "000826.png",
    "imageData": null,
    "imageHeight": 345,
    "imageWidth": 640
}