{
    "version": "5.2.1",
    "flags": {},
    "shapes": [
        {
            "label": "standing",
            "points": [
                [
                    487.0,
                    51.0
                ],
                [
                    523.0,
                    121.0
                ]
            ],
            "group_id": null,
            "description": "",
            "shape_type": "rectangle",
            "flags": {}
        },
        {
            "label": "standing",
            "points": [
                [
                    222.0,
                    97.0
                ],
                [
                    275.0,
                    201.0
                ]
            ],
            "group_id": null,
            "description": "",
            "shape_type": "rectangle",
            "flags": {}
        },
        {
            "label": "standing",
            "points": [
                [
                    349.0,
                    98.0
                ],
                [
                    393.0,
                    187.0
                ]
            ],
            "group_id": null,
            "description": "",
            "shape_type": "rectangle",
            "flags": {}
        }
    ],
    "imagePath": "000866.png",
    "imageData": null,
    "imageHeight": 345,
    "imageWidth": 640
}