{
    "version": "5.2.1",
    "flags": {},
    "shapes": [
        {
            "label": "standing",
            "points": [
                [
                    532.0,
                    0.0
                ],
                [
                    567.0,
                    51.0
                ]
            ],
            "group_id": null,
            "description": "",
            "shape_type": "rectangle",
            "flags": {}
        },
        {
            "label": "standing",
            "points": [
                [
                    238.0,
                    187.0
                ],
                [
                    308.0,
                    301.0
                ]
            ],
            "group_id": null,
            "description": "",
            "shape_type": "rectangle",
            "flags": {}
        },
        {
            "label": "standing",
            "points": [
                [
                    378.0,
                    12.0
                ],
                [
                    402.0,
                    80.0
                ]
            ],
            "group_id": null,
            "description": "",
            "shape_type": "rectangle",
            "flags": {}
        }
    ],
    "imagePath": "000932.png",
    "imageData": null,
    "imageHeight": 345,
    "imageWidth": 640
}