{
    "version": "5.2.1",
    "flags": {},
    "shapes": [
        {
            "label": "standing",
            "points": [
                [
                    516.0,
                    88.0
                ],
                [
                    550.0,
                    151.0
                ]
            ],
            "group_id": null,
            "description": "",
            "shape_type": "rectangle",
            "flags": {}
        },
        {
            "label": "standing",
            "points": [
                [
                    420.0,
                    108.0
                ],
                [
                    454.0,
                    201.0
                ]
            ],
            "group_id": null,
            "description": "",
            "shape_type": "rectangle",
            "flags": {}
        },
        {
            "label": "standing",
            "points": [
                [
                    313.0,
                    104.0
                ],
                [
                    349.0,
                    191.0
                ]
            ],
            "group_id": null,
            "description": "",
            "shape_type": "rectangle",
            "flags": {}
        }
    ],
    "imagePath": "000927.png",
    "imageData": null,
    "imageHeight": 345,
    "imageWidth": 640
}