{
    "version": "5.2.1",
    "flags": {},
    "shapes": [
        {
            "label": "standing",
            "points": [
                [
                    437.0,
                    54.0
                ],
                [
                    471.0,
                    142.0
                ]
            ],
            "group_id": null,
            "description": "",
            "shape_type": "rectangle",
            "flags": {}
        },
        {
            "label": "throwing",
            "points": [
                [
                    260.0,
                    97.0
                ],
                [
                    333.0,
                    195.0
                ]
            ],
            "group_id": null,
            "description": "",
            "shape_type": "rectangle",
            "flags": {}
        },
        {
            "label": "standing",
            "points": [
                [
                    89.0,
                    147.0
                ],
                [
                    133.0,
                    269.0
                ]
            ],
            "group_id": null,
            "description": "",
            "shape_type": "rectangle",
            "flags": {}
        }
    ],
    "imagePath": "001096.png",
    "imageData": null,
    "imageHeight": 345,
    "imageWidth": 640
}