{
    "version": "5.2.1",
    "flags": {},
    "shapes": [
        {
            "label": "sitting",
            "points": [
                [
                    52.0,
                    191.0
                ],
                [
                    124.0,
                    253.0
                ]
            ],
            "group_id": null,
            "description": "",
            "shape_type": "rectangle",
            "flags": {}
        },
        {
            "label": "sitting",
            "points": [
                [
                    222.0,
                    210.0
                ],
                [
                    294.0,
                    280.0
                ]
            ],
            "group_id": null,
            "description": "",
            "shape_type": "rectangle",
            "flags": {}
        },
        {
            "label": "standing",
            "points": [
                [
                    397.0,
                    171.0
                ],
                [
                    436.0,
                    205.0
                ]
            ],
            "group_id": null,
            "description": "",
            "shape_type": "rectangle",
            "flags": {}
        }
    ],
    "imagePath": "001172.png",
    "imageData": null,
    "imageHeight": 345,
    "imageWidth": 640
}