{
    "version": "5.2.1",
    "flags": {},
    "shapes": [
        {
            "label": "standing",
            "points": [
                [
                    274.0,
                    183.0
                ],
                [
                    315.0,
                    263.0
                ]
            ],
            "group_id": null,
            "description": "",
            "shape_type": "rectangle",
            "flags": {}
        },
        {
            "label": "sitting",
            "points": [
                [
                    348.0,
                    187.0
                ],
                [
                    444.0,
                    285.0
                ]
            ],
            "group_id": null,
            "description": "",
            "shape_type": "rectangle",
            "flags": {}
        }
    ],
    "imagePath": "001182.png",
    "imageData": null,
    "imageHeight": 345,
    "imageWidth": 640
}