{
    "version": "5.2.1",
    "flags": {},
    "shapes": [
        {
            "label": "standing",
            "points": [
                [
                    499.0,
                    48.0
                ],
                [
                    536.0,
                    117.0
                ]
            ],
            "group_id": null,
            "description": "",
            "shape_type": "rectangle",
            "flags": {}
        },
        {
            "label": "standing",
            "points": [
                [
                    262.0,
                    154.0
                ],
                [
                    336.0,
                    269.0
                ]
            ],
            "group_id": null,
            "description": "",
            "shape_type": "rectangle",
            "flags": {}
        }
    ],
    "imagePath": "001268.png",
    "imageData": null,
    "imageHeight": 345,
    "imageWidth": 640
}