{
    "version": "5.2.1",
    "flags": {},
    "shapes": [
        {
            "label": "lying",
            "points": [
                [
                    365.0,
                    157.0
                ],
                [
                    475.0,
                    259.0
                ]
            ],
            "group_id": null,
            "description": "",
            "shape_type": "rectangle",
            "flags": {}
        },
        {
            "label": "standing",
            "points": [
                [
                    281.0,
                    179.0
                ],
                [
                    324.0,
                    267.0
                ]
            ],
            "group_id": null,
            "description": "",
            "shape_type": "rectangle",
            "flags": {}
        }
    ],
    "imagePath": "001215.png",
    "imageData": null,
    "imageHeight": 345,
    "imageWidth": 640
}