{
    "version": "5.2.1",
    "flags": {},
    "shapes": [
        {
            "label": "sitting",
            "points": [
                [
                    451.0,
                    243.0
                ],
                [
                    517.0,
                    300.0
                ]
            ],
            "group_id": null,
            "description": "",
            "shape_type": "rectangle",
            "flags": {}
        },
        {
            "label": "sitting",
            "points": [
                [
                    29.0,
                    111.0
                ],
                [
                    98.0,
                    167.0
                ]
            ],
            "group_id": null,
            "description": "",
            "shape_type": "rectangle",
            "flags": {}
        },
        {
            "label": "sitting",
            "points": [
                [
                    225.0,
                    116.0
                ],
                [
                    294.0,
                    184.0
                ]
            ],
            "group_id": null,
            "description": "",
            "shape_type": "rectangle",
            "flags": {}
        },
        {
            "label": "sitting",
            "points": [
                [
                    143.0,
                    147.0
                ],
                [
                    192.0,
                    228.0
                ]
            ],
            "group_id": null,
            "description": "",
            "shape_type": "rectangle",
            "flags": {}
        }
    ],
    "imagePath": "001241.png",
    "imageData": null,
    "imageHeight": 345,
    "imageWidth": 640
}