{
    "version": "5.2.1",
    "flags": {},
    "shapes": [
        {
            "label": "sitting",
            "points": [
                [
                    484.0,
                    233.0
                ],
                [
                    554.0,
                    298.0
                ]
            ],
            "group_id": null,
            "description": "",
            "shape_type": "rectangle",
            "flags": {}
        },
        {
            "label": "sitting",
            "points": [
                [
                    337.0,
                    59.0
                ],
                [
                    372.0,
                    122.0
                ]
            ],
            "group_id": null,
            "description": "",
            "shape_type": "rectangle",
            "flags": {}
        },
        {
            "label": "standing",
            "points": [
                [
                    105.0,
                    208.0
                ],
                [
                    181.0,
                    344.0
                ]
            ],
            "group_id": null,
            "description": "",
            "shape_type": "rectangle",
            "flags": {}
        },
        {
            "label": "sitting",
            "points": [
                [
                    175.0,
                    161.0
                ],
                [
                    227.0,
                    223.0
                ]
            ],
            "group_id": null,
            "description": "",
            "shape_type": "rectangle",
            "flags": {}
        }
    ],
    "imagePath": "001237.png",
    "imageData": null,
    "imageHeight": 345,
    "imageWidth": 640
}