{
    "version": "5.2.1",
    "flags": {},
    "shapes": [
        {
            "label": "lying",
            "points": [
                [
                    366.0,
                    159.0
                ],
                [
                    475.0,
                    260.0
                ]
            ],
            "group_id": null,
            "description": "",
            "shape_type": "rectangle",
            "flags": {}
        },
        {
            "label": "standing",
            "points": [
                [
                    282.0,
                    177.0
                ],
                [
                    328.0,
                    258.0
                ]
            ],
            "group_id": null,
            "description": "",
            "shape_type": "rectangle",
            "flags": {}
        }
    ],
    "imagePath": "001212.png",
    "imageData": null,
    "imageHeight": 345,
    "imageWidth": 640
}