{
    "version": "5.2.1",
    "flags": {},
    "shapes": [
        {
            "label": "standing",
            "points": [
                [
                    273.0,
                    127.0
                ],
                [
                    359.0,
                    272.0
                ]
            ],
            "group_id": null,
            "description": "",
            "shape_type": "rectangle",
            "flags": {}
        },
        {
            "label": "standing",
            "points": [
                [
                    353.0,
                    98.0
                ],
                [
                    449.0,
                    212.0
                ]
            ],
            "group_id": null,
            "description": "",
            "shape_type": "rectangle",
            "flags": {}
        }
    ],
    "imagePath": "001294.png",
    "imageData": null,
    "imageHeight": 345,
    "imageWidth": 640
}