{
    "version": "5.2.1",
    "flags": {},
    "shapes": [
        {
            "label": "standing",
            "points": [
                [
                    276.0,
                    114.0
                ],
                [
                    357.0,
                    262.0
                ]
            ],
            "group_id": null,
            "description": "",
            "shape_type": "rectangle",
            "flags": {}
        },
        {
            "label": "standing",
            "points": [
                [
                    386.0,
                    118.0
                ],
                [
                    486.0,
                    292.0
                ]
            ],
            "group_id": null,
            "description": "",
            "shape_type": "rectangle",
            "flags": {}
        }
    ],
    "imagePath": "001283.png",
    "imageData": null,
    "imageHeight": 345,
    "imageWidth": 640
}