{
    "version": "5.2.1",
    "flags": {},
    "shapes": [
        {
            "label": "sitting",
            "points": [
                [
                    47.0,
                    30.0
                ],
                [
                    139.0,
                    97.0
                ]
            ],
            "group_id": null,
            "description": "",
            "shape_type": "rectangle",
            "flags": {}
        },
        {
            "label": "sitting",
            "points": [
                [
                    101.0,
                    170.0
                ],
                [
                    169.0,
                    222.0
                ]
            ],
            "group_id": null,
            "description": "",
            "shape_type": "rectangle",
            "flags": {}
        },
        {
            "label": "standing",
            "points": [
                [
                    404.0,
                    133.0
                ],
                [
                    465.0,
                    184.0
                ]
            ],
            "group_id": null,
            "description": "",
            "shape_type": "rectangle",
            "flags": {}
        },
        {
            "label": "standing",
            "points": [
                [
                    265.0,
                    134.0
                ],
                [
                    306.0,
                    176.0
                ]
            ],
            "group_id": null,
            "description": "",
            "shape_type": "rectangle",
            "flags": {}
        }
    ],
    "imagePath": "001338.png",
    "imageData": null,
    "imageHeight": 345,
    "imageWidth": 640
}