{
    "version": "5.2.1",
    "flags": {},
    "shapes": [
        {
            "label": "sitting",
            "points": [
                [
                    415.0,
                    116.0
                ],
                [
                    510.0,
                    242.0
                ]
            ],
            "group_id": null,
            "description": "",
            "shape_type": "rectangle",
            "flags": {}
        },
        {
            "label": "standing",
            "points": [
                [
                    213.0,
                    122.0
                ],
                [
                    292.0,
                    271.0
                ]
            ],
            "group_id": null,
            "description": "",
            "shape_type": "rectangle",
            "flags": {}
        }
    ],
    "imagePath": "001328.png",
    "imageData": null,
    "imageHeight": 345,
    "imageWidth": 640
}