{
    "version": "5.2.1",
    "flags": {},
    "shapes": [
        {
            "label": "sitting",
            "points": [
                [
                    69.0,
                    176.0
                ],
                [
                    137.0,
                    232.0
                ]
            ],
            "group_id": null,
            "description": "",
            "shape_type": "rectangle",
            "flags": {}
        },
        {
            "label": "standing",
            "points": [
                [
                    253.0,
                    271.0
                ],
                [
                    307.0,
                    318.0
                ]
            ],
            "group_id": null,
            "description": "",
            "shape_type": "rectangle",
            "flags": {}
        },
        {
            "label": "sitting",
            "points": [
                [
                    12.0,
                    30.0
                ],
                [
                    103.0,
                    94.0
                ]
            ],
            "group_id": null,
            "description": "",
            "shape_type": "rectangle",
            "flags": {}
        },
        {
            "label": "standing",
            "points": [
                [
                    236.0,
                    136.0
                ],
                [
                    275.0,
                    174.0
                ]
            ],
            "group_id": null,
            "description": "",
            "shape_type": "rectangle",
            "flags": {}
        }
    ],
    "imagePath": "001329.png",
    "imageData": null,
    "imageHeight": 345,
    "imageWidth": 640
}