{
    "version": "5.2.1",
    "flags": {},
    "shapes": [
        {
            "label": "standing",
            "points": [
                [
                    315.0,
                    23.0
                ],
                [
                    402.0,
                    159.0
                ]
            ],
            "group_id": null,
            "description": "",
            "shape_type": "rectangle",
            "flags": {}
        },
        {
            "label": "standing",
            "points": [
                [
                    271.0,
                    129.0
                ],
                [
                    336.0,
                    275.0
                ]
            ],
            "group_id": null,
            "description": "",
            "shape_type": "rectangle",
            "flags": {}
        }
    ],
    "imagePath": "001304.png",
    "imageData": null,
    "imageHeight": 345,
    "imageWidth": 640
}