{
    "version": "5.2.1",
    "flags": {},
    "shapes": [
        {
            "label": "sitting",
            "points": [
                [
                    282.0,
                    119.0
                ],
                [
                    306.0,
                    162.0
                ]
            ],
            "group_id": null,
            "description": "",
            "shape_type": "rectangle",
            "flags": {}
        },
        {
            "label": "sitting",
            "points": [
                [
                    216.0,
                    77.0
                ],
                [
                    241.0,
                    124.0
                ]
            ],
            "group_id": null,
            "description": "",
            "shape_type": "rectangle",
            "flags": {}
        },
        {
            "label": "sitting",
            "points": [
                [
                    149.0,
                    49.0
                ],
                [
                    176.0,
                    90.0
                ]
            ],
            "group_id": null,
            "description": "",
            "shape_type": "rectangle",
            "flags": {}
        },
        {
            "label": "lying",
            "points": [
                [
                    377.0,
                    266.0
                ],
                [
                    441.0,
                    313.0
                ]
            ],
            "group_id": null,
            "description": "",
            "shape_type": "rectangle",
            "flags": {}
        },
        {
            "label": "sitting",
            "points": [
                [
                    240.0,
                    195.0
                ],
                [
                    278.0,
                    239.0
                ]
            ],
            "group_id": null,
            "description": "",
            "shape_type": "rectangle",
            "flags": {}
        }
    ],
    "imagePath": "001489.png",
    "imageData": null,
    "imageHeight": 345,
    "imageWidth": 640
}