{
    "version": "5.2.1",
    "flags": {},
    "shapes": [
        {
            "label": "standing",
            "points": [
                [
                    73.0,
                    153.0
                ],
                [
                    107.0,
                    205.0
                ]
            ],
            "group_id": null,
            "description": "",
            "shape_type": "rectangle",
            "flags": {}
        },
        {
            "label": "sitting",
            "points": [
                [
                    298.0,
                    233.0
                ],
                [
                    325.0,
                    287.0
                ]
            ],
            "group_id": null,
            "description": "",
            "shape_type": "rectangle",
            "flags": {}
        },
        {
            "label": "sitting",
            "points": [
                [
                    232.0,
                    144.0
                ],
                [
                    258.0,
                    188.0
                ]
            ],
            "group_id": null,
            "description": "",
            "shape_type": "rectangle",
            "flags": {}
        },
        {
            "label": "sitting",
            "points": [
                [
                    272.0,
                    180.0
                ],
                [
                    315.0,
                    220.0
                ]
            ],
            "group_id": null,
            "description": "",
            "shape_type": "rectangle",
            "flags": {}
        }
    ],
    "imagePath": "001520.png",
    "imageData": null,
    "imageHeight": 345,
    "imageWidth": 640
}