{
    "version": "5.2.1",
    "flags": {},
    "shapes": [
        {
            "label": "standing",
            "points": [
                [
                    148.0,
                    91.0
                ],
                [
                    219.0,
                    243.0
                ]
            ],
            "group_id": null,
            "description": "",
            "shape_type": "rectangle",
            "flags": {}
        }
    ],
    "imagePath": "001727.png",
    "imageData": null,
    "imageHeight": 345,
    "imageWidth": 640
}