{
    "version": "5.2.1",
    "flags": {},
    "shapes": [
        {
            "label": "standing",
            "points": [
                [
                    455.0,
                    139.0
                ],
                [
                    492.0,
                    221.0
                ]
            ],
            "group_id": null,
            "description": "",
            "shape_type": "rectangle",
            "flags": {}
        },
        {
            "label": "lying",
            "points": [
                [
                    176.0,
                    105.0
                ],
                [
                    247.0,
                    148.0
                ]
            ],
            "group_id": null,
            "description": "",
            "shape_type": "rectangle",
            "flags": {}
        },
        {
            "label": "standing",
            "points": [
                [
                    302.0,
                    55.0
                ],
                [
                    332.0,
                    126.0
                ]
            ],
            "group_id": null,
            "description": "",
            "shape_type": "rectangle",
            "flags": {}
        },
        {
            "label": "standing",
            "points": [
                [
                    81.0,
                    204.0
                ],
                [
                    139.0,
                    316.0
                ]
            ],
            "group_id": null,
            "description": "",
            "shape_type": "rectangle",
            "flags": {}
        },
        {
            "label": "lying",
            "points": [
                [
                    68.0,
                    169.0
                ],
                [
                    175.0,
                    207.0
                ]
            ],
            "group_id": null,
            "description": "",
            "shape_type": "rectangle",
            "flags": {}
        }
    ],
    "imagePath": "001821.png",
    "imageData": null,
    "imageHeight": 345,
    "imageWidth": 640
}