{
    "version": "5.2.1",
    "flags": {},
    "shapes": [
        {
            "label": "standing",
            "points": [
                [
                    94.0,
                    100.0
                ],
                [
                    258.0,
                    341.0
                ]
            ],
            "group_id": null,
            "description": "",
            "shape_type": "rectangle",
            "flags": {}
        }
    ],
    "imagePath": "001895.png",
    "imageData": null,
    "imageHeight": 345,
    "imageWidth": 640
}