{
    "version": "5.2.1",
    "flags": {},
    "shapes": [
        {
            "label": "sitting",
            "points": [
                [
                    126.0,
                    101.0
                ],
                [
                    224.0,
                    252.0
                ]
            ],
            "group_id": null,
            "description": "",
            "shape_type": "rectangle",
            "flags": {}
        }
    ],
    "imagePath": "001938.png",
    "imageData": null,
    "imageHeight": 345,
    "imageWidth": 640
}