{
    "version": "5.2.1",
    "flags": {},
    "shapes": [
        {
            "label": "sitting",
            "points": [
                [
                    0.0,
                    134.0
                ],
                [
                    121.0,
                    338.0
                ]
            ],
            "group_id": null,
            "description": "",
            "shape_type": "rectangle",
            "flags": {}
        },
        {
            "label": "sitting",
            "points": [
                [
                    154.0,
                    124.0
                ],
                [
                    280.0,
                    340.0
                ]
            ],
            "group_id": null,
            "description": "",
            "shape_type": "rectangle",
            "flags": {}
        }
    ],
    "imagePath": "001953.png",
    "imageData": null,
    "imageHeight": 345,
    "imageWidth": 640
}