{
    "version": "5.2.1",
    "flags": {},
    "shapes": [
        {
            "label": "sitting",
            "points": [
                [
                    161.0,
                    123.0
                ],
                [
                    278.0,
                    340.0
                ]
            ],
            "group_id": null,
            "description": "",
            "shape_type": "rectangle",
            "flags": {}
        },
        {
            "label": "standing",
            "points": [
                [
                    17.0,
                    132.0
                ],
                [
                    115.0,
                    341.0
                ]
            ],
            "group_id": null,
            "description": "",
            "shape_type": "rectangle",
            "flags": {}
        },
        {
            "label": "standing",
            "points": [
                [
                    108.0,
                    9.0
                ],
                [
                    189.0,
                    277.0
                ]
            ],
            "group_id": null,
            "description": "",
            "shape_type": "rectangle",
            "flags": {}
        }
    ],
    "imagePath": "001958.png",
    "imageData": null,
    "imageHeight": 345,
    "imageWidth": 640
}