{
    "version": "5.2.1",
    "flags": {},
    "shapes": [
        {
            "label": "sitting",
            "points": [
                [
                    182.0,
                    124.0
                ],
                [
                    282.0,
                    340.0
                ]
            ],
            "group_id": null,
            "description": "",
            "shape_type": "rectangle",
            "flags": {}
        },
        {
            "label": "sitting",
            "points": [
                [
                    0.0,
                    133.0
                ],
                [
                    124.0,
                    335.0
                ]
            ],
            "group_id": null,
            "description": "",
            "shape_type": "rectangle",
            "flags": {}
        }
    ],
    "imagePath": "002030.png",
    "imageData": null,
    "imageHeight": 345,
    "imageWidth": 640
}