{
    "version": "5.2.1",
    "flags": {},
    "shapes": [
        {
            "label": "standing",
            "points": [
                [
                    201.0,
                    73.0
                ],
                [
                    317.0,
                    338.0
                ]
            ],
            "group_id": null,
            "description": "",
            "shape_type": "rectangle",
            "flags": {}
        }
    ],
    "imagePath": "002018.png",
    "imageData": null,
    "imageHeight": 345,
    "imageWidth": 640
}