{
    "version": "5.2.1",
    "flags": {},
    "shapes": [
        {
            "label": "standing",
            "points": [
                [
                    118.0,
                    5.0
                ],
                [
                    192.0,
                    245.0
                ]
            ],
            "group_id": null,
            "description": "",
            "shape_type": "rectangle",
            "flags": {}
        },
        {
            "label": "standing",
            "points": [
                [
                    151.0,
                    62.0
                ],
                [
                    257.0,
                    332.0
                ]
            ],
            "group_id": null,
            "description": "",
            "shape_type": "rectangle",
            "flags": {}
        }
    ],
    "imagePath": "002074.png",
    "imageData": null,
    "imageHeight": 345,
    "imageWidth": 640
}