{
    "version": "5.2.1",
    "flags": {},
    "shapes": [
        {
            "label": "sitting",
            "points": [
                [
                    157.0,
                    129.0
                ],
                [
                    280.0,
                    341.0
                ]
            ],
            "group_id": null,
            "description": "",
            "shape_type": "rectangle",
            "flags": {}
        },
        {
            "label": "sitting",
            "points": [
                [
                    15.0,
                    133.0
                ],
                [
                    127.0,
                    334.0
                ]
            ],
            "group_id": null,
            "description": "",
            "shape_type": "rectangle",
            "flags": {}
        }
    ],
    "imagePath": "002143.png",
    "imageData": null,
    "imageHeight": 345,
    "imageWidth": 640
}