{
    "version": "5.2.1",
    "flags": {},
    "shapes": [
        {
            "label": "standing",
            "points": [
                [
                    115.0,
                    5.0
                ],
                [
                    192.0,
                    247.0
                ]
            ],
            "group_id": null,
            "description": "",
            "shape_type": "rectangle",
            "flags": {}
        },
        {
            "label": "standing",
            "points": [
                [
                    155.0,
                    61.0
                ],
                [
                    258.0,
                    335.0
                ]
            ],
            "group_id": null,
            "description": "",
            "shape_type": "rectangle",
            "flags": {}
        }
    ],
    "imagePath": "002101.png",
    "imageData": null,
    "imageHeight": 345,
    "imageWidth": 640
}