{
    "version": "5.2.1",
    "flags": {},
    "shapes": [
        {
            "label": "sitting",
            "points": [
                [
                    0.0,
                    134.0
                ],
                [
                    128.0,
                    338.0
                ]
            ],
            "group_id": null,
            "description": "",
            "shape_type": "rectangle",
            "flags": {}
        },
        {
            "label": "sitting",
            "points": [
                [
                    153.0,
                    126.0
                ],
                [
                    278.0,
                    341.0
                ]
            ],
            "group_id": null,
            "description": "",
            "shape_type": "rectangle",
            "flags": {}
        },
        {
            "label": "standing",
            "points": [
                [
                    123.0,
                    3.0
                ],
                [
                    201.0,
                    238.0
                ]
            ],
            "group_id": null,
            "description": "",
            "shape_type": "rectangle",
            "flags": {}
        }
    ],
    "imagePath": "002180.png",
    "imageData": null,
    "imageHeight": 345,
    "imageWidth": 640
}