{
    "version": "5.2.1",
    "flags": {},
    "shapes": [
        {
            "label": "sitting",
            "points": [
                [
                    168.0,
                    121.0
                ],
                [
                    327.0,
                    332.0
                ]
            ],
            "group_id": null,
            "description": "",
            "shape_type": "rectangle",
            "flags": {}
        },
        {
            "label": "standing",
            "points": [
                [
                    29.0,
                    106.0
                ],
                [
                    160.0,
                    339.0
                ]
            ],
            "group_id": null,
            "description": "",
            "shape_type": "rectangle",
            "flags": {}
        }
    ],
    "imagePath": "002250.png",
    "imageData": null,
    "imageHeight": 345,
    "imageWidth": 640
}