{
    "version": "5.2.1",
    "flags": {},
    "shapes": [
        {
            "label": "standing",
            "points": [
                [
                    0.0,
                    109.0
                ],
                [
                    71.0,
                    343.0
                ]
            ],
            "group_id": null,
            "description": "",
            "shape_type": "rectangle",
            "flags": {}
        },
        {
            "label": "sitting",
            "points": [
                [
                    184.0,
                    135.0
                ],
                [
                    293.0,
                    335.0
                ]
            ],
            "group_id": null,
            "description": "",
            "shape_type": "rectangle",
            "flags": {}
        },
        {
            "label": "standing",
            "points": [
                [
                    61.0,
                    39.0
                ],
                [
                    183.0,
                    338.0
                ]
            ],
            "group_id": null,
            "description": "",
            "shape_type": "rectangle",
            "flags": {}
        }
    ],
    "imagePath": "002273.png",
    "imageData": null,
    "imageHeight": 345,
    "imageWidth": 640
}