{
    "version": "5.2.1",
    "flags": {},
    "shapes": [
        {
            "label": "sitting",
            "points": [
                [
                    167.0,
                    128.0
                ],
                [
                    326.0,
                    340.0
                ]
            ],
            "group_id": null,
            "description": "",
            "shape_type": "rectangle",
            "flags": {}
        },
        {
            "label": "standing",
            "points": [
                [
                    100.0,
                    21.0
                ],
                [
                    191.0,
                    311.0
                ]
            ],
            "group_id": null,
            "description": "",
            "shape_type": "rectangle",
            "flags": {}
        },
        {
            "label": "standing",
            "points": [
                [
                    0.0,
                    127.0
                ],
                [
                    53.0,
                    345.0
                ]
            ],
            "group_id": null,
            "description": "",
            "shape_type": "rectangle",
            "flags": {}
        },
        {
            "label": "standing",
            "points": [
                [
                    0.0,
                    128.0
                ],
                [
                    30.0,
                    339.0
                ]
            ],
            "group_id": null,
            "description": "",
            "shape_type": "rectangle",
            "flags": {}
        }
    ],
    "imagePath": "002292.png",
    "imageData": null,
    "imageHeight": 345,
    "imageWidth": 640
}