{
    "version": "5.2.1",
    "flags": {},
    "shapes": [
        {
            "label": "sitting",
            "points": [
                [
                    123.0,
                    93.0
                ],
                [
                    223.0,
                    253.0
                ]
            ],
            "group_id": null,
            "description": "",
            "shape_type": "rectangle",
            "flags": {}
        }
    ],
    "imagePath": "002267.png",
    "imageData": null,
    "imageHeight": 345,
    "imageWidth": 640
}