{
    "version": "5.2.1",
    "flags": {},
    "shapes": [
        {
            "label": "sitting",
            "points": [
                [
                    161.0,
                    126.0
                ],
                [
                    280.0,
                    340.0
                ]
            ],
            "group_id": null,
            "description": "",
            "shape_type": "rectangle",
            "flags": {}
        },
        {
            "label": "standing",
            "points": [
                [
                    158.0,
                    4.0
                ],
                [
                    225.0,
                    228.0
                ]
            ],
            "group_id": null,
            "description": "",
            "shape_type": "rectangle",
            "flags": {}
        },
        {
            "label": "sitting",
            "points": [
                [
                    0.0,
                    135.0
                ],
                [
                    127.0,
                    338.0
                ]
            ],
            "group_id": null,
            "description": "",
            "shape_type": "rectangle",
            "flags": {}
        }
    ],
    "imagePath": "002233.png",
    "imageData": null,
    "imageHeight": 345,
    "imageWidth": 640
}