{
    "version": "5.2.1",
    "flags": {},
    "shapes": [
        {
            "label": "sitting",
            "points": [
                [
                    108.0,
                    94.0
                ],
                [
                    225.0,
                    263.0
                ]
            ],
            "group_id": null,
            "description": "",
            "shape_type": "rectangle",
            "flags": {}
        }
    ],
    "imagePath": "002266.png",
    "imageData": null,
    "imageHeight": 345,
    "imageWidth": 640
}