{
    "version": "5.2.1",
    "flags": {},
    "shapes": [
        {
            "label": "standing",
            "points": [
                [
                    119.0,
                    5.0
                ],
                [
                    195.0,
                    243.0
                ]
            ],
            "group_id": null,
            "description": "",
            "shape_type": "rectangle",
            "flags": {}
        },
        {
            "label": "standing",
            "points": [
                [
                    158.0,
                    60.0
                ],
                [
                    261.0,
                    332.0
                ]
            ],
            "group_id": null,
            "description": "",
            "shape_type": "rectangle",
            "flags": {}
        }
    ],
    "imagePath": "002214.png",
    "imageData": null,
    "imageHeight": 345,
    "imageWidth": 640
}