{
    "version": "5.2.1",
    "flags": {},
    "shapes": [
        {
            "label": "standing",
            "points": [
                [
                    401.0,
                    28.0
                ],
                [
                    473.0,
                    186.0
                ]
            ],
            "group_id": null,
            "description": "",
            "shape_type": "rectangle",
            "flags": {}
        },
        {
            "label": "sitting",
            "points": [
                [
                    87.0,
                    157.0
                ],
                [
                    200.0,
                    343.0
                ]
            ],
            "group_id": null,
            "description": "",
            "shape_type": "rectangle",
            "flags": {}
        },
        {
            "label": "standing",
            "points": [
                [
                    328.0,
                    43.0
                ],
                [
                    416.0,
                    312.0
                ]
            ],
            "group_id": null,
            "description": "",
            "shape_type": "rectangle",
            "flags": {}
        },
        {
            "label": "standing",
            "points": [
                [
                    471.0,
                    70.0
                ],
                [
                    550.0,
                    323.0
                ]
            ],
            "group_id": null,
            "description": "",
            "shape_type": "rectangle",
            "flags": {}
        },
        {
            "label": "standing",
            "points": [
                [
                    562.0,
                    14.0
                ],
                [
                    639.0,
                    184.0
                ]
            ],
            "group_id": null,
            "description": "",
            "shape_type": "rectangle",
            "flags": {}
        }
    ],
    "imagePath": "002343.png",
    "imageData": null,
    "imageHeight": 345,
    "imageWidth": 640
}