{
    "version": "5.2.1",
    "flags": {},
    "shapes": [
        {
            "label": "standing",
            "points": [
                [
                    268.0,
                    61.0
                ],
                [
                    336.0,
                    265.0
                ]
            ],
            "group_id": null,
            "description": "",
            "shape_type": "rectangle",
            "flags": {}
        },
        {
            "label": "standing",
            "points": [
                [
                    287.0,
                    34.0
                ],
                [
                    318.0,
                    94.0
                ]
            ],
            "group_id": null,
            "description": "",
            "shape_type": "rectangle",
            "flags": {}
        }
    ],
    "imagePath": "002356.png",
    "imageData": null,
    "imageHeight": 345,
    "imageWidth": 640
}