{
    "version": "5.2.1",
    "flags": {},
    "shapes": [
        {
            "label": "standing",
            "points": [
                [
                    320.0,
                    43.0
                ],
                [
                    404.0,
                    267.0
                ]
            ],
            "group_id": null,
            "description": "",
            "shape_type": "rectangle",
            "flags": {}
        },
        {
            "label": "standing",
            "points": [
                [
                    284.0,
                    40.0
                ],
                [
                    323.0,
                    183.0
                ]
            ],
            "group_id": null,
            "description": "",
            "shape_type": "rectangle",
            "flags": {}
        }
    ],
    "imagePath": "002341.png",
    "imageData": null,
    "imageHeight": 345,
    "imageWidth": 640
}