{
    "version": "5.2.1",
    "flags": {},
    "shapes": [
        {
            "label": "standing",
            "points": [
                [
                    281.0,
                    34.0
                ],
                [
                    323.0,
                    182.0
                ]
            ],
            "group_id": null,
            "description": "",
            "shape_type": "rectangle",
            "flags": {}
        },
        {
            "label": "standing",
            "points": [
                [
                    319.0,
                    63.0
                ],
                [
                    401.0,
                    326.0
                ]
            ],
            "group_id": null,
            "description": "",
            "shape_type": "rectangle",
            "flags": {}
        }
    ],
    "imagePath": "002357.png",
    "imageData": null,
    "imageHeight": 345,
    "imageWidth": 640
}