{
    "version": "5.2.1",
    "flags": {},
    "shapes": [
        {
            "label": "sitting",
            "points": [
                [
                    117.0,
                    97.0
                ],
                [
                    225.0,
                    260.0
                ]
            ],
            "group_id": null,
            "description": "",
            "shape_type": "rectangle",
            "flags": {}
        }
    ],
    "imagePath": "002435.png",
    "imageData": null,
    "imageHeight": 345,
    "imageWidth": 640
}