{
    "version": "5.2.1",
    "flags": {},
    "shapes": [
        {
            "label": "standing",
            "points": [
                [
                    279.0,
                    48.0
                ],
                [
                    324.0,
                    187.0
                ]
            ],
            "group_id": null,
            "description": "",
            "shape_type": "rectangle",
            "flags": {}
        }
    ],
    "imagePath": "002456.png",
    "imageData": null,
    "imageHeight": 345,
    "imageWidth": 640
}