{
    "version": "5.2.1",
    "flags": {},
    "shapes": [
        {
            "label": "standing",
            "points": [
                [
                    361.0,
                    63.0
                ],
                [
                    445.0,
                    334.0
                ]
            ],
            "group_id": null,
            "description": "",
            "shape_type": "rectangle",
            "flags": {}
        },
        {
            "label": "standing",
            "points": [
                [
                    262.0,
                    39.0
                ],
                [
                    316.0,
                    193.0
                ]
            ],
            "group_id": null,
            "description": "",
            "shape_type": "rectangle",
            "flags": {}
        }
    ],
    "imagePath": "002510.png",
    "imageData": null,
    "imageHeight": 345,
    "imageWidth": 640
}