{
    "version": "5.2.1",
    "flags": {},
    "shapes": [
        {
            "label": "standing",
            "points": [
                [
                    270.0,
                    155.0
                ],
                [
                    412.0,
                    344.0
                ]
            ],
            "group_id": null,
            "description": "",
            "shape_type": "rectangle",
            "flags": {}
        }
    ],
    "imagePath": "002603.png",
    "imageData": null,
    "imageHeight": 345,
    "imageWidth": 640
}