{
    "version": "5.2.1",
    "flags": {},
    "shapes": [
        {
            "label": "sitting",
            "points": [
                [
                    0.0,
                    143.0
                ],
                [
                    153.0,
                    342.0
                ]
            ],
            "group_id": null,
            "description": "",
            "shape_type": "rectangle",
            "flags": {}
        },
        {
            "label": "sitting",
            "points": [
                [
                    176.0,
                    123.0
                ],
                [
                    294.0,
                    331.0
                ]
            ],
            "group_id": null,
            "description": "",
            "shape_type": "rectangle",
            "flags": {}
        }
    ],
    "imagePath": "002624.png",
    "imageData": null,
    "imageHeight": 345,
    "imageWidth": 640
}