{
    "version": "5.2.1",
    "flags": {},
    "shapes": [
        {
            "label": "standing",
            "points": [
                [
                    248.0,
                    77.0
                ],
                [
                    315.0,
                    248.0
                ]
            ],
            "group_id": null,
            "description": "",
            "shape_type": "rectangle",
            "flags": {}
        },
        {
            "label": "standing",
            "points": [
                [
                    352.0,
                    60.0
                ],
                [
                    411.0,
                    208.0
                ]
            ],
            "group_id": null,
            "description": "",
            "shape_type": "rectangle",
            "flags": {}
        },
        {
            "label": "standing",
            "points": [
                [
                    447.0,
                    45.0
                ],
                [
                    518.0,
                    299.0
                ]
            ],
            "group_id": null,
            "description": "",
            "shape_type": "rectangle",
            "flags": {}
        },
        {
            "label": "sitting",
            "points": [
                [
                    1.0,
                    141.0
                ],
                [
                    170.0,
                    323.0
                ]
            ],
            "group_id": null,
            "description": "",
            "shape_type": "rectangle",
            "flags": {}
        }
    ],
    "imagePath": "002622.png",
    "imageData": null,
    "imageHeight": 345,
    "imageWidth": 640
}