{
    "version": "5.2.1",
    "flags": {},
    "shapes": [
        {
            "label": "standing",
            "points": [
                [
                    332.0,
                    91.0
                ],
                [
                    470.0,
                    338.0
                ]
            ],
            "group_id": null,
            "description": "",
            "shape_type": "rectangle",
            "flags": {}
        }
    ],
    "imagePath": "002647.png",
    "imageData": null,
    "imageHeight": 345,
    "imageWidth": 640
}