{
    "version": "5.2.1",
    "flags": {},
    "shapes": [
        {
            "label": "lying",
            "points": [
                [
                    265.0,
                    97.0
                ],
                [
                    449.0,
                    161.0
                ]
            ],
            "group_id": null,
            "description": "",
            "shape_type": "rectangle",
            "flags": {}
        },
        {
            "label": "lying",
            "points": [
                [
                    1.0,
                    202.0
                ],
                [
                    177.0,
                    271.0
                ]
            ],
            "group_id": null,
            "description": "",
            "shape_type": "rectangle",
            "flags": {}
        },
        {
            "label": "sitting",
            "points": [
                [
                    333.0,
                    262.0
                ],
                [
                    486.0,
                    345.0
                ]
            ],
            "group_id": null,
            "description": "",
            "shape_type": "rectangle",
            "flags": {}
        }
    ],
    "imagePath": "002720.png",
    "imageData": null,
    "imageHeight": 345,
    "imageWidth": 640
}