{
    "version": "5.2.1",
    "flags": {},
    "shapes": [
        {
            "label": "sitting",
            "points": [
                [
                    409.0,
                    0.0
                ],
                [
                    504.0,
                    141.0
                ]
            ],
            "group_id": null,
            "description": "",
            "shape_type": "rectangle",
            "flags": {}
        },
        {
            "label": "lying",
            "points": [
                [
                    122.0,
                    124.0
                ],
                [
                    227.0,
                    342.0
                ]
            ],
            "group_id": null,
            "description": "",
            "shape_type": "rectangle",
            "flags": {}
        },
        {
            "label": "standing",
            "points": [
                [
                    240.0,
                    0.0
                ],
                [
                    301.0,
                    98.0
                ]
            ],
            "group_id": null,
            "description": "",
            "shape_type": "rectangle",
            "flags": {}
        }
    ],
    "imagePath": "002891.png",
    "imageData": null,
    "imageHeight": 345,
    "imageWidth": 640
}