{
    "version": "5.2.1",
    "flags": {},
    "shapes": [
        {
            "label": "standing",
            "points": [
                [
                    435.0,
                    224.0
                ],
                [
                    585.0,
                    345.0
                ]
            ],
            "group_id": null,
            "description": "",
            "shape_type": "rectangle",
            "flags": {}
        },
        {
            "label": "lying",
            "points": [
                [
                    447.0,
                    44.0
                ],
                [
                    640.0,
                    157.0
                ]
            ],
            "group_id": null,
            "description": "",
            "shape_type": "rectangle",
            "flags": {}
        },
        {
            "label": "lying",
            "points": [
                [
                    0.0,
                    209.0
                ],
                [
                    293.0,
                    320.0
                ]
            ],
            "group_id": null,
            "description": "",
            "shape_type": "rectangle",
            "flags": {}
        }
    ],
    "imagePath": "002834.png",
    "imageData": null,
    "imageHeight": 345,
    "imageWidth": 640
}