{
    "version": "5.2.1",
    "flags": {},
    "shapes": [
        {
            "label": "lying",
            "points": [
                [
                    291.0,
                    169.0
                ],
                [
                    533.0,
                    243.0
                ]
            ],
            "group_id": null,
            "description": "",
            "shape_type": "rectangle",
            "flags": {}
        }
    ],
    "imagePath": "002867.png",
    "imageData": null,
    "imageHeight": 345,
    "imageWidth": 640
}