{
    "version": "5.2.1",
    "flags": {},
    "shapes": [
        {
            "label": "lying",
            "points": [
                [
                    209.0,
                    205.0
                ],
                [
                    413.0,
                    287.0
                ]
            ],
            "group_id": null,
            "description": "",
            "shape_type": "rectangle",
            "flags": {}
        }
    ],
    "imagePath": "002887.png",
    "imageData": null,
    "imageHeight": 345,
    "imageWidth": 640
}