{
    "version": "5.2.1",
    "flags": {},
    "shapes": [
        {
            "label": "lying",
            "points": [
                [
                    255.0,
                    165.0
                ],
                [
                    505.0,
                    243.0
                ]
            ],
            "group_id": null,
            "description": "",
            "shape_type": "rectangle",
            "flags": {}
        }
    ],
    "imagePath": "002868.png",
    "imageData": null,
    "imageHeight": 345,
    "imageWidth": 640
}